timestamp,unix_time,pid,run_name,metric,value
2026-06-04T04:33:55.135462+00:00,1780547635.1354578,2024760,llm_party10002,server/fedmkt_round,0
2026-06-04T04:33:55.135462+00:00,1780547635.1354578,2024760,llm_party10002,server/mmlcc_relative_error,2.2274192733320612e-15
2026-06-04T04:33:55.135462+00:00,1780547635.1354578,2024760,llm_party10002,server/mmlcc_positions,41032
2026-06-04T04:33:55.135462+00:00,1780547635.1354578,2024760,llm_party10002,server/mmlcc_num_blocks_K,2
2026-06-04T04:33:55.135462+00:00,1780547635.1354578,2024760,llm_party10002,server/mmlcc_privacy_guarantee_T,1
2026-06-04T04:34:37.195011+00:00,1780547677.1950111,2024760,llm_party10002,server/fedmkt_round,0
2026-06-04T04:34:37.195011+00:00,1780547677.1950111,2024760,llm_party10002,server/fedmkt_loss_step,4
2026-06-04T04:34:37.195011+00:00,1780547677.1950111,2024760,llm_party10002,server/trainer_global_step,4
2026-06-04T04:34:37.195011+00:00,1780547677.1950111,2024760,llm_party10002,server/loss_log_count,20
2026-06-04T04:34:37.195011+00:00,1780547677.1950111,2024760,llm_party10002,server/total_loss,6.296877384185791
2026-06-04T04:34:37.195011+00:00,1780547677.1950111,2024760,llm_party10002,server/supervised_lm_loss,6.362850189208984
2026-06-04T04:34:37.195011+00:00,1780547677.1950111,2024760,llm_party10002,server/distill_loss,5.6875
2026-06-04T04:34:37.195011+00:00,1780547677.1950111,2024760,llm_party10002,server/weighted_supervised_lm_loss,5.726565170288086
2026-06-04T04:34:37.195011+00:00,1780547677.1950111,2024760,llm_party10002,server/weighted_distill_loss,0.5687499999999999
2026-06-04T04:34:37.195011+00:00,1780547677.1950111,2024760,llm_party10002,server/lm_loss_weight,0.9
2026-06-04T04:34:43.547574+00:00,1780547683.5475738,2024760,llm_party10002,server/fedmkt_round,0
2026-06-04T04:34:43.547574+00:00,1780547683.5475738,2024760,llm_party10002,server/fedmkt_loss_step,9
2026-06-04T04:34:43.547574+00:00,1780547683.5475738,2024760,llm_party10002,server/trainer_global_step,9
2026-06-04T04:34:43.547574+00:00,1780547683.5475738,2024760,llm_party10002,server/loss_log_count,40
2026-06-04T04:34:43.547574+00:00,1780547683.5475738,2024760,llm_party10002,server/total_loss,7.359461784362793
2026-06-04T04:34:43.547574+00:00,1780547683.5475738,2024760,llm_party10002,server/supervised_lm_loss,7.478394985198975
2026-06-04T04:34:43.547574+00:00,1780547683.5475738,2024760,llm_party10002,server/distill_loss,6.28125
2026-06-04T04:34:43.547574+00:00,1780547683.5475738,2024760,llm_party10002,server/weighted_supervised_lm_loss,6.730555486679077
2026-06-04T04:34:43.547574+00:00,1780547683.5475738,2024760,llm_party10002,server/weighted_distill_loss,0.6281249999999998
2026-06-04T04:34:43.547574+00:00,1780547683.5475738,2024760,llm_party10002,server/lm_loss_weight,0.9
2026-06-04T04:34:49.877122+00:00,1780547689.8771217,2024760,llm_party10002,server/fedmkt_round,0
2026-06-04T04:34:49.877122+00:00,1780547689.8771217,2024760,llm_party10002,server/fedmkt_loss_step,14
2026-06-04T04:34:49.877122+00:00,1780547689.8771217,2024760,llm_party10002,server/trainer_global_step,14
2026-06-04T04:34:49.877122+00:00,1780547689.8771217,2024760,llm_party10002,server/loss_log_count,60
2026-06-04T04:34:49.877122+00:00,1780547689.8771217,2024760,llm_party10002,server/total_loss,4.8840012550354
2026-06-04T04:34:49.877122+00:00,1780547689.8771217,2024760,llm_party10002,server/supervised_lm_loss,4.727883338928223
2026-06-04T04:34:49.877122+00:00,1780547689.8771217,2024760,llm_party10002,server/distill_loss,6.28125
2026-06-04T04:34:49.877122+00:00,1780547689.8771217,2024760,llm_party10002,server/weighted_supervised_lm_loss,4.2550950050354
2026-06-04T04:34:49.877122+00:00,1780547689.8771217,2024760,llm_party10002,server/weighted_distill_loss,0.6281249999999998
2026-06-04T04:34:49.877122+00:00,1780547689.8771217,2024760,llm_party10002,server/lm_loss_weight,0.9
2026-06-04T04:34:56.208232+00:00,1780547696.2082322,2024760,llm_party10002,server/fedmkt_round,0
2026-06-04T04:34:56.208232+00:00,1780547696.2082322,2024760,llm_party10002,server/fedmkt_loss_step,19
2026-06-04T04:34:56.208232+00:00,1780547696.2082322,2024760,llm_party10002,server/trainer_global_step,19
2026-06-04T04:34:56.208232+00:00,1780547696.2082322,2024760,llm_party10002,server/loss_log_count,80
2026-06-04T04:34:56.208232+00:00,1780547696.2082322,2024760,llm_party10002,server/total_loss,3.982304096221924
2026-06-04T04:34:56.208232+00:00,1780547696.2082322,2024760,llm_party10002,server/supervised_lm_loss,3.856205940246582
2026-06-04T04:34:56.208232+00:00,1780547696.2082322,2024760,llm_party10002,server/distill_loss,5.125
2026-06-04T04:34:56.208232+00:00,1780547696.2082322,2024760,llm_party10002,server/weighted_supervised_lm_loss,3.470585346221924
2026-06-04T04:34:56.208232+00:00,1780547696.2082322,2024760,llm_party10002,server/weighted_distill_loss,0.5124999999999998
2026-06-04T04:34:56.208232+00:00,1780547696.2082322,2024760,llm_party10002,server/lm_loss_weight,0.9
2026-06-04T04:35:02.545678+00:00,1780547702.545678,2024760,llm_party10002,server/fedmkt_round,0
2026-06-04T04:35:02.545678+00:00,1780547702.545678,2024760,llm_party10002,server/fedmkt_loss_step,24
2026-06-04T04:35:02.545678+00:00,1780547702.545678,2024760,llm_party10002,server/trainer_global_step,24
2026-06-04T04:35:02.545678+00:00,1780547702.545678,2024760,llm_party10002,server/loss_log_count,100
2026-06-04T04:35:02.545678+00:00,1780547702.545678,2024760,llm_party10002,server/total_loss,4.107630729675293
2026-06-04T04:35:02.545678+00:00,1780547702.545678,2024760,llm_party10002,server/supervised_lm_loss,4.064902305603027
2026-06-04T04:35:02.545678+00:00,1780547702.545678,2024760,llm_party10002,server/distill_loss,4.5
2026-06-04T04:35:02.545678+00:00,1780547702.545678,2024760,llm_party10002,server/weighted_supervised_lm_loss,3.6584120750427247
2026-06-04T04:35:02.545678+00:00,1780547702.545678,2024760,llm_party10002,server/weighted_distill_loss,0.4499999999999999
2026-06-04T04:35:02.545678+00:00,1780547702.545678,2024760,llm_party10002,server/lm_loss_weight,0.9
2026-06-04T04:35:08.898372+00:00,1780547708.8983712,2024760,llm_party10002,server/fedmkt_round,0
2026-06-04T04:35:08.898372+00:00,1780547708.8983712,2024760,llm_party10002,server/fedmkt_loss_step,29
2026-06-04T04:35:08.898372+00:00,1780547708.8983712,2024760,llm_party10002,server/trainer_global_step,29
2026-06-04T04:35:08.898372+00:00,1780547708.8983712,2024760,llm_party10002,server/loss_log_count,120
2026-06-04T04:35:08.898372+00:00,1780547708.8983712,2024760,llm_party10002,server/total_loss,7.725282669067383
2026-06-04T04:35:08.898372+00:00,1780547708.8983712,2024760,llm_party10002,server/supervised_lm_loss,7.897883892059326
2026-06-04T04:35:08.898372+00:00,1780547708.8983712,2024760,llm_party10002,server/distill_loss,6.1875
2026-06-04T04:35:08.898372+00:00,1780547708.8983712,2024760,llm_party10002,server/weighted_supervised_lm_loss,7.108095502853394
2026-06-04T04:35:08.898372+00:00,1780547708.8983712,2024760,llm_party10002,server/weighted_distill_loss,0.6187499999999999
2026-06-04T04:35:08.898372+00:00,1780547708.8983712,2024760,llm_party10002,server/lm_loss_weight,0.9
